question,answer
What are the payment options available?,"We accept credit/debit cards, PayPal, and bank transfers."
Do you offer international shipping?,"Yes, we ship to many countries worldwide. Check our shipping page for details."
What is the return policy?,You can return items within 30 days of receipt for a full refund.
How can I track my order?,You can track your order using the tracking number sent to your email.
What should I do if I receive a damaged item?,Please contact our customer support for assistance with damaged items.
Can I cancel or modify my order?,"Yes, you can cancel or modify your order within 24 hours of placing it."
Do you offer discounts for bulk purchases?,"Yes, we offer discounts for bulk purchases. Contact us for more information."
How do I contact customer support?,You can contact customer support via email or our contact form on the website.
Are there any warranty options available?,"Yes, we offer warranties on select products. Check the product page for details."
How can I subscribe to your newsletter?,You can subscribe to our newsletter by entering your email at the bottom of our homepage.
What is the estimated delivery time?,The estimated delivery time is 5-7 business days.
Can I change my delivery address after placing an order?,Please contact customer support to change your delivery address.
How can I apply a discount code?,Enter the discount code at checkout to apply it to your order.
Do you offer gift wrapping services?,"Yes, we offer gift wrapping services for an additional fee."
Can I place an order over the phone?,"Yes, you can place an order over the phone by contacting our sales team."
What should I do if I forget my account password?,Use the 'Forgot Password' link on the login page to reset your password.
Do you have a loyalty program?,"Yes, we have a loyalty program that rewards repeat customers."
How can I check the status of my refund?,You can check the status of your refund in the 'My Orders' section of your account.
What are your working hours?,"Our working hours are Monday to Friday, 9 AM to 6 PM."
Do you have a physical store?,"No, we are an online-only store."
How can I leave a review for a product?,You can leave a review by visiting the product page and clicking on 'Write a Review'.
Do you offer gift cards?,"Yes, we offer digital gift cards that can be purchased online."
How can I update my account information?,You can update your account information in the 'My Account' section.
What are the shipping charges?,Shipping charges are calculated at checkout based on your location.
Can I schedule a delivery time?,Contact customer support to schedule a specific delivery time.
Do you offer expedited shipping?,"Yes, we offer expedited shipping for an additional fee."
What should I do if I receive the wrong item?,Please contact customer support if you receive the wrong item.
How do I know if an item is in stock?,In-stock items are marked on the product page.
Can I pre-order upcoming products?,"Yes, you can pre-order upcoming products on our website."
What is your exchange policy?,You can exchange items within 30 days of receipt. Contact support for details.
How can I delete my account?,"To delete your account, please contact customer support."
Are my personal details secure?,"Yes, we take your privacy and security very seriously."
Can I use multiple discount codes on one order?,"No, only one discount code can be used per order."
Do you provide installation services for products?,"Yes, we offer installation services for select products."
How can I find product dimensions?,Product dimensions are listed on the product page.
Can I request a product catalog?,You can request a product catalog by contacting our sales team.
What should I do if my package is lost?,Please contact customer support if your package is lost.
Do you sell refurbished items?,"Yes, we sell refurbished items at a discounted price."
What payment methods do you accept for international orders?,"We accept credit/debit cards, PayPal, and bank transfers for international orders."
Can I request a custom order?,"Yes, you can request a custom order by contacting our sales team."
How can I find out about your latest promotions?,Sign up for our newsletter to receive the latest promotions and updates.
Do you offer student discounts?,"Yes, we offer student discounts with valid ID."
Can I place an order as a guest?,"Yes, you can place an order as a guest without creating an account."
What should I do if my payment is declined?,Try a different payment method or contact your bank if your payment is declined.
How do I sign up for an account?,Use the 'Sign Up' link on the homepage to create an account.
What is the process for bulk orders?,Contact our sales team for bulk order inquiries and discounts.
How do I use store credit?,Store credit can be applied at checkout.
Can I view my order history?,You can view your order history in the 'My Orders' section of your account.
Do you offer price matching?,"Yes, we offer price matching. Contact us for more details."
What should I do if my item is missing parts?,Contact customer support if your item is missing parts.
Can I track my order without an account?,"Yes, you can track your order without an account using the tracking number."
Do you offer live chat support?,"Yes, we offer live chat support during business hours."
What should I do if I encounter an error on the website?,Try refreshing the page or contact support if you encounter an error.
How can I check the availability of a product in your store?,Use the search bar on our website to check product availability.
Do you offer repair services?,"Yes, we offer repair services for select products."
How can I contact the sales department?,You can contact the sales department via email or phone.
What is the warranty period for your products?,The warranty period varies by product. Check the product page for details.
Can I combine multiple orders into one shipment?,Contact customer support to combine multiple orders into one shipment.
How do I leave feedback about my shopping experience?,Leave feedback using the 'Feedback' form on our website.
What are your terms and conditions?,Our terms and conditions are available at the bottom of our homepage.
Do you offer financing options?,"Yes, we offer financing options through our partner providers."
Can I purchase items in bulk?,"Yes, you can purchase items in bulk. Contact us for pricing."
How do I unsubscribe from your emails?,Use the 'Unsubscribe' link in any of our emails to unsubscribe.
Do you offer wholesale pricing?,"Yes, we offer wholesale pricing for businesses. Contact us for details."
How do I make a payment using a gift card?,Enter the gift card code at checkout to make a payment.
What is your policy on out-of-stock items?,Out-of-stock items will be marked on the product page.
Can I save items to a wishlist?,"Yes, you can save items to a wishlist by clicking the 'Add to Wishlist' button."
Do you offer any environmentally friendly products?,"Yes, we offer a range of environmentally friendly products."
How do I contact the technical support team?,Contact technical support via email or phone for assistance.
What is your privacy policy?,Our privacy policy is available at the bottom of our homepage.
Can I get a VAT refund?,"Yes, you can get a VAT refund if eligible. Contact support for details."
How can I find out about career opportunities?,Visit our careers page to learn about job opportunities.
What is the process for returning an item?,"To return an item, contact customer support for instructions."
Do you have any ongoing sales?,Check our sales page for ongoing promotions and discounts.
How can I learn about product recalls?,Sign up for our newsletter to receive product recall alerts.
Do you offer free samples?,"Yes, we offer free samples of select products."
Can I earn rewards for referring friends?,Refer friends using your referral link to earn rewards.
How do I update my payment information?,Update your payment information in the 'My Account' section.
What should I do if I have a complaint?,Contact customer support if you have a complaint.
Can I cancel my subscription?,Contact customer support to cancel your subscription.
How do I know if a product is suitable for me?,Read product descriptions and reviews to determine suitability.
What are your guidelines for writing a product review?,Follow the guidelines on the product page to write a review.
Do you offer layaway plans?,"Yes, we offer layaway plans for select products."
Can I use PayPal to make a purchase?,"Yes, you can use PayPal to make a purchase."
What should I do if my package is delayed?,Check the tracking number for updates if your package is delayed.
How can I change my newsletter preferences?,Update your newsletter preferences in the 'My Account' section.
What is your policy on damaged items?,Contact customer support for assistance with damaged items.
How do I track a return shipment?,Track return shipments using the tracking number provided.
Can I place an order for out-of-stock items?,Contact support to place an order for out-of-stock items.
What should I do if I have a question about a product?,Use the 'Contact Us' form for product inquiries.
Do you offer seasonal discounts?,Check our sales page for seasonal discounts and promotions.
How can I reset my account password?,Use the 'Forgot Password' link to reset your account password.
Can I sign up for product restock alerts?,Sign up for restock alerts on the product page.
What is your customer service phone number?,Our customer service phone number is available on the contact page.
Do you offer a first-time buyer discount?,"Yes, we offer a discount for first-time buyers. Check our promotions page."
How do I redeem a promotional offer?,Enter the promotional code at checkout to redeem the offer.
What should I do if I receive an incorrect charge?,Contact support if you notice an incorrect charge on your account.
Can I request a product demo?,Request a product demo by contacting our sales team.
How do I submit a warranty claim?,Submit a warranty claim through the 'Warranty' section on our website.
What should I do if I am not satisfied with a product?,Contact customer support if you are not satisfied with a product.
